{"stat.useItem.minecraft.bow":2438,"stat.drop.minecraft.bow":11,"stat.walkOneCm":3595206,"achievement.openInventory":282,"stat.leaveGame":116,"stat.damageTaken":12718,"stat.aviateOneCm":11946904,"stat.drop.minecraft.tipped_arrow":32,"stat.flyOneCm":2098513,"stat.drop":43,"stat.jump":5555,"stat.playOneMinute":1455238,"stat.fallOneCm":10841763,"stat.sneakTime":850,"stat.pickup.minecraft.elytra":2,"stat.crouchOneCm":1694,"stat.timeSinceDeath":1455238,"stat.pickup.minecraft.tipped_arrow":238,"stat.sprintOneCm":3181849,"stat.pickup.minecraft.bow":33,"achievement.exploreAllBiomes":{"value":0,"progress":["Plains"]}}