{"stat.useItem.minecraft.bow":2748,"stat.walkOneCm":1966494,"stat.leaveGame":120,"stat.jump":4459,"stat.fallOneCm":8415817,"stat.crouchOneCm":2756,"stat.pickup.minecraft.tipped_arrow":144,"stat.sprintOneCm":3128262,"stat.pickup.minecraft.bow":24,"achievement.exploreAllBiomes":{"value":0,"progress":["Plains"]},"stat.drop.minecraft.bow":3,"achievement.openInventory":225,"stat.damageTaken":11018,"stat.aviateOneCm":10488387,"stat.drop.minecraft.tipped_arrow":19,"stat.flyOneCm":1455194,"stat.deaths":1,"stat.drop":22,"stat.playOneMinute":1084485,"stat.sneakTime":1429,"stat.pickup.minecraft.elytra":2,"stat.timeSinceDeath":678331}