{"stat.useItem.minecraft.bow":173,"stat.walkOneCm":37182,"achievement.openInventory":19,"stat.leaveGame":11,"stat.damageTaken":871,"stat.aviateOneCm":2305773,"stat.drop.minecraft.tipped_arrow":41,"stat.flyOneCm":179657,"stat.drop":2,"stat.jump":269,"stat.playOneMinute":30049,"stat.fallOneCm":221562,"stat.sneakTime":2099,"stat.pickup.minecraft.elytra":1,"stat.crouchOneCm":3752,"stat.timeSinceDeath":30049,"stat.pickup.minecraft.tipped_arrow":42,"stat.sprintOneCm":44911,"achievement.exploreAllBiomes":{"value":0,"progress":["Plains"]}}