{"stat.useItem.minecraft.bow":23,"stat.walkOneCm":48420,"achievement.openInventory":12,"stat.leaveGame":12,"stat.damageTaken":659,"stat.aviateOneCm":517995,"stat.drop.minecraft.tipped_arrow":1,"stat.flyOneCm":139284,"stat.drop":1,"stat.jump":248,"stat.playOneMinute":29712,"stat.fallOneCm":560852,"stat.sneakTime":791,"stat.crouchOneCm":2773,"stat.timeSinceDeath":29712,"stat.pickup.minecraft.tipped_arrow":1,"stat.sprintOneCm":171416,"achievement.exploreAllBiomes":{"value":0,"progress":["Plains"]}}