{"stat.useItem.minecraft.bow":56,"stat.walkOneCm":62503,"achievement.openInventory":16,"stat.leaveGame":1,"stat.damageTaken":724,"stat.aviateOneCm":497060,"stat.drop.minecraft.tipped_arrow":1,"stat.flyOneCm":121276,"stat.drop":1,"stat.jump":96,"stat.playOneMinute":15133,"stat.fallOneCm":311240,"stat.sneakTime":270,"stat.crouchOneCm":1907,"stat.timeSinceDeath":15133,"stat.pickup.minecraft.tipped_arrow":105,"stat.sprintOneCm":229826,"stat.pickup.minecraft.bow":1,"achievement.exploreAllBiomes":{"value":0,"progress":["Plains"]}}