{"stat.useItem.minecraft.bow":785,"stat.walkOneCm":708389,"stat.leaveGame":31,"stat.jump":669,"stat.fallOneCm":1607055,"stat.crouchOneCm":56124,"stat.pickup.minecraft.tipped_arrow":18,"stat.sprintOneCm":1277798,"stat.pickup.minecraft.bow":19,"achievement.exploreAllBiomes":{"value":0,"progress":["Plains"]},"stat.drop.minecraft.bow":18,"achievement.openInventory":110,"stat.damageTaken":2792,"stat.drop.minecraft.elytra":1,"stat.aviateOneCm":6159507,"stat.drop.minecraft.tipped_arrow":10,"stat.flyOneCm":614856,"stat.drop":29,"stat.playOneMinute":258786,"stat.sneakTime":14837,"stat.pickup.minecraft.elytra":1,"stat.timeSinceDeath":258786}