{"stat.useItem.minecraft.bow":372,"stat.drop.minecraft.bow":13,"stat.walkOneCm":164788,"achievement.openInventory":48,"stat.leaveGame":13,"stat.damageTaken":1498,"stat.aviateOneCm":764787,"stat.flyOneCm":439561,"stat.deaths":1,"stat.drop":13,"stat.jump":948,"stat.playOneMinute":88185,"stat.fallOneCm":2415529,"stat.sneakTime":2817,"stat.crouchOneCm":6205,"stat.timeSinceDeath":404,"stat.pickup.minecraft.tipped_arrow":1,"stat.sprintOneCm":203838,"stat.pickup.minecraft.bow":8,"achievement.exploreAllBiomes":{"value":0,"progress":["Plains"]}}