{"stat.useItem.minecraft.bow":68,"stat.walkOneCm":84679,"achievement.openInventory":26,"stat.leaveGame":7,"stat.damageTaken":1517,"stat.aviateOneCm":2450614,"stat.drop.minecraft.tipped_arrow":1,"stat.flyOneCm":251664,"stat.drop":1,"stat.jump":203,"stat.playOneMinute":109121,"stat.fallOneCm":497630,"stat.sneakTime":1475,"stat.crouchOneCm":7631,"stat.timeSinceDeath":109121,"stat.pickup.minecraft.tipped_arrow":1,"stat.sprintOneCm":199804,"achievement.exploreAllBiomes":{"value":0,"progress":["Plains"]}}