{"stat.useItem.minecraft.bow":623,"stat.drop.minecraft.bow":1,"stat.walkOneCm":226203,"achievement.openInventory":76,"stat.leaveGame":8,"stat.damageTaken":636,"stat.aviateOneCm":1457466,"stat.drop.minecraft.tipped_arrow":5,"stat.flyOneCm":565043,"stat.drop":6,"stat.jump":657,"stat.playOneMinute":109242,"stat.fallOneCm":2684668,"stat.sneakTime":478,"stat.crouchOneCm":745,"stat.timeSinceDeath":109242,"stat.pickup.minecraft.tipped_arrow":11,"stat.sprintOneCm":304367,"stat.pickup.minecraft.bow":2,"achievement.exploreAllBiomes":{"value":0,"progress":["Plains"]}}