{"stat.useItem.minecraft.bow":96,"stat.walkOneCm":47348,"achievement.openInventory":46,"stat.leaveGame":5,"stat.damageTaken":198,"stat.aviateOneCm":209236,"stat.drop.minecraft.tipped_arrow":2,"stat.flyOneCm":168720,"stat.drop":2,"stat.jump":198,"stat.playOneMinute":24268,"stat.fallOneCm":430789,"stat.sneakTime":1140,"stat.crouchOneCm":1972,"stat.timeSinceDeath":24268,"stat.pickup.minecraft.tipped_arrow":92,"stat.sprintOneCm":111598,"stat.pickup.minecraft.bow":13,"achievement.exploreAllBiomes":{"value":0,"progress":["Plains"]}}