{"stat.useItem.minecraft.bow":51,"stat.walkOneCm":43436,"achievement.openInventory":10,"stat.leaveGame":4,"stat.damageTaken":783,"stat.aviateOneCm":833275,"stat.drop.minecraft.tipped_arrow":3,"stat.flyOneCm":84571,"stat.deaths":1,"stat.drop":3,"stat.jump":208,"stat.playOneMinute":20840,"stat.fallOneCm":421888,"stat.sneakTime":520,"stat.crouchOneCm":544,"stat.timeSinceDeath":2089,"stat.pickup.minecraft.tipped_arrow":3,"stat.sprintOneCm":76708,"achievement.exploreAllBiomes":{"value":0,"progress":["Plains"]}}