{"stat.useItem.minecraft.bow":133,"stat.walkOneCm":144747,"achievement.openInventory":31,"stat.leaveGame":5,"stat.damageTaken":960,"stat.aviateOneCm":218616,"stat.drop.minecraft.tipped_arrow":1,"stat.flyOneCm":247888,"stat.drop":1,"stat.jump":266,"stat.playOneMinute":42467,"stat.fallOneCm":822588,"stat.sneakTime":317,"stat.crouchOneCm":393,"stat.timeSinceDeath":42467,"stat.pickup.minecraft.tipped_arrow":13,"stat.sprintOneCm":267781,"achievement.exploreAllBiomes":{"value":0,"progress":["Plains"]}}