{"stat.useItem.minecraft.bow":97,"stat.drop.minecraft.bow":16,"stat.walkOneCm":36928,"achievement.openInventory":17,"stat.leaveGame":4,"stat.damageTaken":225,"stat.aviateOneCm":894667,"stat.drop.minecraft.tipped_arrow":2,"stat.flyOneCm":105385,"stat.drop":18,"stat.jump":126,"stat.playOneMinute":16441,"stat.fallOneCm":450619,"stat.sneakTime":292,"stat.crouchOneCm":973,"stat.timeSinceDeath":16441,"stat.pickup.minecraft.tipped_arrow":1,"stat.sprintOneCm":53731,"stat.pickup.minecraft.bow":9,"achievement.exploreAllBiomes":{"value":0,"progress":["Plains"]}}