{"stat.useItem.minecraft.bow":1,"stat.walkOneCm":32930,"stat.leaveGame":4,"stat.jump":121,"stat.fallOneCm":485642,"stat.crouchOneCm":61,"stat.pickup.minecraft.tipped_arrow":4,"stat.sprintOneCm":27250,"stat.pickup.minecraft.bow":7,"achievement.exploreAllBiomes":{"value":0,"progress":["Plains"]},"achievement.openInventory":18,"stat.damageTaken":268,"stat.drop.minecraft.elytra":2,"stat.aviateOneCm":430578,"stat.drop.minecraft.tipped_arrow":4,"stat.flyOneCm":297996,"stat.deaths":1,"stat.drop":6,"stat.playOneMinute":28705,"stat.sneakTime":1195,"stat.pickup.minecraft.elytra":3,"stat.timeSinceDeath":5220}