{"stat.useItem.minecraft.bow":294,"stat.drop.minecraft.bow":3,"stat.walkOneCm":229400,"achievement.openInventory":24,"stat.leaveGame":13,"stat.damageTaken":1566,"stat.aviateOneCm":3860861,"stat.drop.minecraft.tipped_arrow":423,"stat.flyOneCm":2379520,"stat.drop":22,"stat.jump":515,"stat.playOneMinute":128685,"stat.fallOneCm":2260746,"stat.sneakTime":3520,"stat.crouchOneCm":3805,"stat.timeSinceDeath":128685,"stat.sprintOneCm":261440,"stat.pickup.minecraft.bow":1,"achievement.exploreAllBiomes":{"value":0,"progress":["Plains"]}}