{"stat.useItem.minecraft.bow":220,"stat.walkOneCm":235811,"stat.leaveGame":11,"stat.jump":571,"stat.fallOneCm":1648758,"stat.crouchOneCm":10433,"stat.pickup.minecraft.tipped_arrow":267,"stat.sprintOneCm":245994,"stat.pickup.minecraft.bow":1,"achievement.exploreAllBiomes":{"value":0,"progress":["Plains"]},"stat.drop.minecraft.bow":5,"achievement.openInventory":37,"stat.damageTaken":2269,"stat.aviateOneCm":1434955,"stat.drop.minecraft.tipped_arrow":3,"stat.flyOneCm":236338,"stat.deaths":1,"stat.drop":8,"stat.playOneMinute":95670,"stat.sneakTime":1394,"stat.pickup.minecraft.elytra":2,"stat.timeSinceDeath":58656}