{"stat.useItem.minecraft.bow":15,"stat.drop.minecraft.bow":4,"stat.walkOneCm":22944,"achievement.openInventory":12,"stat.leaveGame":3,"stat.damageTaken":203,"stat.drop.minecraft.elytra":7,"stat.aviateOneCm":519991,"stat.flyOneCm":103516,"stat.drop":11,"stat.jump":127,"stat.playOneMinute":15742,"stat.fallOneCm":402944,"stat.sneakTime":246,"stat.pickup.minecraft.elytra":10,"stat.crouchOneCm":358,"stat.timeSinceDeath":15742,"stat.sprintOneCm":172933,"stat.pickup.minecraft.bow":16,"achievement.exploreAllBiomes":{"value":0,"progress":["Plains"]}}