{"stat.useItem.minecraft.bow":250,"stat.walkOneCm":129215,"achievement.openInventory":33,"stat.leaveGame":19,"stat.damageTaken":5416,"stat.aviateOneCm":3812833,"stat.drop.minecraft.tipped_arrow":2,"stat.flyOneCm":290099,"stat.deaths":2,"stat.drop":2,"stat.jump":387,"stat.playOneMinute":94731,"stat.fallOneCm":794364,"stat.sneakTime":2705,"stat.crouchOneCm":9891,"stat.timeSinceDeath":51197,"stat.pickup.minecraft.tipped_arrow":5,"stat.sprintOneCm":433399,"stat.pickup.minecraft.bow":2,"achievement.exploreAllBiomes":{"value":0,"progress":["Plains"]}}