{"stat.useItem.minecraft.bow":73,"stat.drop.minecraft.bow":1,"stat.walkOneCm":19460,"achievement.openInventory":20,"stat.leaveGame":2,"stat.damageTaken":138,"stat.aviateOneCm":195382,"stat.flyOneCm":43405,"stat.drop":1,"stat.jump":75,"stat.playOneMinute":8499,"stat.fallOneCm":144774,"stat.sneakTime":80,"stat.pickup.minecraft.elytra":2,"stat.crouchOneCm":221,"stat.timeSinceDeath":8499,"stat.sprintOneCm":54602,"stat.pickup.minecraft.bow":1,"achievement.exploreAllBiomes":{"value":0,"progress":["Plains"]}}