{"stat.useItem.minecraft.bow":829,"stat.drop.minecraft.bow":4,"stat.walkOneCm":332295,"achievement.openInventory":26,"stat.leaveGame":10,"stat.damageTaken":1212,"stat.aviateOneCm":3037627,"stat.flyOneCm":123598,"stat.drop":4,"stat.jump":295,"stat.playOneMinute":79881,"stat.breakItem.minecraft.bow":1,"stat.fallOneCm":473118,"stat.sneakTime":356,"stat.crouchOneCm":127,"stat.timeSinceDeath":79881,"stat.pickup.minecraft.tipped_arrow":197,"stat.sprintOneCm":158628,"stat.pickup.minecraft.bow":2,"achievement.exploreAllBiomes":{"value":0,"progress":["Plains"]}}