{"stat.useItem.minecraft.bow":220,"stat.walkOneCm":66965,"achievement.openInventory":23,"stat.leaveGame":3,"stat.damageTaken":1660,"stat.aviateOneCm":707652,"stat.drop.minecraft.tipped_arrow":1,"stat.flyOneCm":134181,"stat.deaths":2,"stat.drop":1,"stat.jump":214,"stat.playOneMinute":40619,"stat.fallOneCm":733189,"stat.sneakTime":730,"stat.crouchOneCm":1869,"stat.timeSinceDeath":19543,"stat.pickup.minecraft.tipped_arrow":103,"stat.sprintOneCm":91015,"achievement.exploreAllBiomes":{"value":0,"progress":["Plains"]}}