{"stat.useItem.minecraft.bow":22,"stat.drop.minecraft.bow":1,"stat.walkOneCm":42963,"achievement.openInventory":18,"stat.leaveGame":2,"stat.damageTaken":120,"stat.aviateOneCm":18135,"stat.flyOneCm":55921,"stat.drop":1,"stat.jump":137,"stat.playOneMinute":12704,"stat.fallOneCm":273480,"stat.sneakTime":28,"stat.crouchOneCm":224,"stat.timeSinceDeath":12704,"stat.pickup.minecraft.tipped_arrow":1,"stat.sprintOneCm":140649,"stat.pickup.minecraft.bow":1,"achievement.exploreAllBiomes":{"value":0,"progress":["Plains"]}}