{"stat.useItem.minecraft.bow":94,"stat.walkOneCm":176659,"achievement.openInventory":14,"stat.leaveGame":17,"stat.damageTaken":1426,"stat.aviateOneCm":2635802,"stat.drop.minecraft.tipped_arrow":10,"stat.flyOneCm":129900,"stat.drop":10,"stat.jump":604,"stat.playOneMinute":101422,"stat.fallOneCm":384284,"stat.sneakTime":701,"stat.crouchOneCm":1415,"stat.timeSinceDeath":101422,"stat.pickup.minecraft.tipped_arrow":3,"stat.sprintOneCm":199578,"achievement.exploreAllBiomes":{"value":0,"progress":["Plains"]}}