{"stat.useItem.minecraft.bow":299,"stat.drop.minecraft.bow":3,"stat.walkOneCm":65541,"achievement.openInventory":57,"stat.leaveGame":4,"stat.damageTaken":614,"stat.aviateOneCm":851797,"stat.drop.minecraft.tipped_arrow":16,"stat.flyOneCm":136539,"stat.deaths":1,"stat.drop":19,"stat.jump":335,"stat.playOneMinute":57093,"stat.fallOneCm":765963,"stat.sneakTime":576,"stat.timeSinceDeath":41504,"stat.pickup.minecraft.tipped_arrow":91,"stat.sprintOneCm":42939,"stat.pickup.minecraft.bow":3,"achievement.exploreAllBiomes":{"value":0,"progress":["Plains"]}}