{"stat.useItem.minecraft.bow":428,"stat.walkOneCm":170149,"stat.leaveGame":4,"stat.jump":560,"stat.fallOneCm":1551788,"stat.crouchOneCm":1874,"stat.pickup.minecraft.tipped_arrow":5,"stat.sprintOneCm":232456,"stat.pickup.minecraft.bow":3,"achievement.exploreAllBiomes":{"value":0,"progress":["Plains"]},"stat.drop.minecraft.bow":5,"achievement.openInventory":96,"stat.damageTaken":7021,"stat.drop.minecraft.elytra":1,"stat.aviateOneCm":6071800,"stat.drop.minecraft.tipped_arrow":190,"stat.flyOneCm":1874516,"stat.deaths":8,"stat.drop":21,"stat.playOneMinute":141904,"stat.sneakTime":2333,"stat.pickup.minecraft.elytra":3,"stat.timeSinceDeath":4185}