{"stat.useItem.minecraft.bow":229,"stat.walkOneCm":95506,"achievement.openInventory":31,"stat.leaveGame":5,"stat.damageTaken":167,"stat.aviateOneCm":291142,"stat.drop.minecraft.tipped_arrow":2,"stat.flyOneCm":79829,"stat.drop":2,"stat.jump":127,"stat.playOneMinute":23952,"stat.fallOneCm":445196,"stat.sneakTime":1018,"stat.crouchOneCm":1864,"stat.timeSinceDeath":23952,"stat.pickup.minecraft.tipped_arrow":4,"stat.sprintOneCm":67186,"stat.pickup.minecraft.bow":2,"achievement.exploreAllBiomes":{"value":0,"progress":["Plains"]}}