{"stat.useItem.minecraft.bow":31,"stat.flyOneCm":91440,"stat.drop.minecraft.bow":1,"stat.walkOneCm":37674,"stat.drop":1,"stat.jump":142,"stat.playOneMinute":11121,"stat.fallOneCm":406330,"achievement.openInventory":2,"stat.leaveGame":1,"stat.sneakTime":9,"stat.damageTaken":105,"stat.crouchOneCm":190,"stat.timeSinceDeath":11121,"stat.pickup.minecraft.tipped_arrow":20,"stat.sprintOneCm":110631,"stat.pickup.minecraft.bow":1,"achievement.exploreAllBiomes":{"value":0,"progress":["Plains"]},"stat.aviateOneCm":194898}