{"stat.useItem.minecraft.bow":2608,"stat.walkOneCm":2858517,"stat.leaveGame":95,"stat.jump":5628,"stat.fallOneCm":13452577,"stat.crouchOneCm":3771,"stat.pickup.minecraft.tipped_arrow":369,"stat.sprintOneCm":4946272,"stat.pickup.minecraft.bow":12,"achievement.exploreAllBiomes":{"value":0,"progress":["Plains"]},"stat.drop.minecraft.bow":8,"achievement.openInventory":389,"stat.damageTaken":19416,"stat.aviateOneCm":19253775,"stat.drop.minecraft.tipped_arrow":31,"stat.flyOneCm":2465888,"stat.deaths":8,"stat.drop":39,"stat.playOneMinute":1534907,"stat.sneakTime":2297,"stat.pickup.minecraft.elytra":21,"stat.timeSinceDeath":462613}