{"stat.useItem.minecraft.bow":151,"stat.drop.minecraft.bow":1,"stat.walkOneCm":73430,"achievement.openInventory":35,"stat.leaveGame":5,"stat.damageTaken":1799,"stat.aviateOneCm":1745657,"stat.drop.minecraft.tipped_arrow":2,"stat.flyOneCm":371679,"stat.deaths":2,"stat.drop":3,"stat.jump":324,"stat.playOneMinute":44902,"stat.fallOneCm":810048,"stat.sneakTime":281,"stat.crouchOneCm":84,"stat.timeSinceDeath":15237,"stat.pickup.minecraft.tipped_arrow":2,"stat.sprintOneCm":114200,"stat.pickup.minecraft.bow":1,"achievement.exploreAllBiomes":{"value":0,"progress":["Plains"]}}