{"stat.useItem.minecraft.bow":31,"stat.drop.minecraft.bow":6,"stat.walkOneCm":6088,"achievement.openInventory":9,"stat.leaveGame":2,"stat.damageTaken":325,"stat.drop.minecraft.elytra":2,"stat.aviateOneCm":2281837,"stat.flyOneCm":135507,"stat.drop":8,"stat.jump":127,"stat.playOneMinute":21713,"stat.fallOneCm":499752,"stat.sneakTime":2212,"stat.crouchOneCm":2782,"stat.timeSinceDeath":21713,"stat.pickup.minecraft.tipped_arrow":1,"stat.sprintOneCm":69998,"stat.pickup.minecraft.bow":3,"achievement.exploreAllBiomes":{"value":0,"progress":["Plains"]}}