{"stat.useItem.minecraft.bow":292,"stat.walkOneCm":240670,"achievement.openInventory":25,"stat.leaveGame":13,"stat.damageTaken":1950,"stat.aviateOneCm":325803,"stat.drop.minecraft.tipped_arrow":1,"stat.flyOneCm":282251,"stat.deaths":1,"stat.drop":1,"stat.jump":560,"stat.playOneMinute":48504,"stat.fallOneCm":355807,"stat.sneakTime":31,"stat.timeSinceDeath":1103,"stat.pickup.minecraft.tipped_arrow":128,"stat.sprintOneCm":81188,"stat.pickup.minecraft.bow":1,"achievement.exploreAllBiomes":{"value":0,"progress":["Plains"]}}