{"stat.useItem.minecraft.bow":1743,"stat.walkOneCm":3018782,"stat.leaveGame":94,"stat.jump":5670,"stat.fallOneCm":9848083,"stat.crouchOneCm":17036,"stat.pickup.minecraft.tipped_arrow":184,"stat.sprintOneCm":3346481,"stat.pickup.minecraft.bow":16,"achievement.exploreAllBiomes":{"value":0,"progress":["Plains"]},"stat.drop.minecraft.bow":8,"achievement.openInventory":346,"stat.damageTaken":10972,"stat.drop.minecraft.elytra":1,"stat.aviateOneCm":12153935,"stat.drop.minecraft.tipped_arrow":85,"stat.flyOneCm":1687461,"stat.drop":94,"stat.playOneMinute":1495851,"stat.sneakTime":9434,"stat.pickup.minecraft.elytra":16,"stat.timeSinceDeath":1495851}