{"stat.useItem.minecraft.bow":582,"stat.drop.minecraft.bow":1,"stat.walkOneCm":293782,"achievement.openInventory":106,"stat.leaveGame":23,"stat.damageTaken":1451,"stat.aviateOneCm":1801742,"stat.drop.minecraft.tipped_arrow":5,"stat.flyOneCm":667094,"stat.drop":6,"stat.jump":794,"stat.playOneMinute":139480,"stat.fallOneCm":1891177,"stat.sneakTime":15915,"stat.crouchOneCm":42692,"stat.timeSinceDeath":139480,"stat.pickup.minecraft.tipped_arrow":186,"stat.sprintOneCm":697796,"stat.pickup.minecraft.bow":3,"achievement.exploreAllBiomes":{"value":0,"progress":["Plains"]}}