{"stat.useItem.minecraft.bow":30,"stat.drop.minecraft.bow":2,"stat.walkOneCm":20170,"achievement.openInventory":9,"stat.leaveGame":2,"stat.damageTaken":119,"stat.aviateOneCm":655079,"stat.flyOneCm":54998,"stat.drop":2,"stat.jump":98,"stat.playOneMinute":16062,"stat.fallOneCm":234655,"stat.sneakTime":46,"stat.crouchOneCm":90,"stat.timeSinceDeath":16062,"stat.pickup.minecraft.tipped_arrow":107,"stat.sprintOneCm":48270,"stat.pickup.minecraft.bow":1,"achievement.exploreAllBiomes":{"value":0,"progress":["Plains"]}}