{"stat.useItem.minecraft.bow":2323,"stat.walkOneCm":2279767,"stat.leaveGame":95,"stat.jump":4608,"stat.fallOneCm":10327314,"stat.crouchOneCm":3211,"stat.pickup.minecraft.tipped_arrow":176,"stat.sprintOneCm":2985406,"stat.pickup.minecraft.bow":39,"achievement.exploreAllBiomes":{"value":0,"progress":["Plains"]},"stat.drop.minecraft.bow":4,"achievement.openInventory":302,"stat.damageTaken":10390,"stat.aviateOneCm":10553949,"stat.drop.minecraft.tipped_arrow":304,"stat.flyOneCm":1867046,"stat.deaths":2,"stat.drop":308,"stat.playOneMinute":1438148,"stat.sneakTime":1090,"stat.pickup.minecraft.elytra":6,"stat.timeSinceDeath":21109}