{"stat.useItem.minecraft.bow":293,"stat.drop.minecraft.bow":1,"stat.walkOneCm":374556,"achievement.openInventory":51,"stat.leaveGame":4,"stat.damageTaken":456,"stat.aviateOneCm":331647,"stat.flyOneCm":576801,"stat.drop":1,"stat.jump":422,"stat.playOneMinute":84905,"stat.fallOneCm":1267121,"stat.sneakTime":2814,"stat.crouchOneCm":9010,"stat.timeSinceDeath":84905,"stat.pickup.minecraft.tipped_arrow":1,"stat.sprintOneCm":614876,"stat.pickup.minecraft.bow":3,"achievement.exploreAllBiomes":{"value":0,"progress":["Plains"]}}