{"stat.useItem.minecraft.bow":1434,"stat.walkOneCm":582168,"achievement.openInventory":102,"stat.useItem.minecraft.barrier":146,"stat.leaveGame":19,"stat.damageTaken":889,"stat.aviateOneCm":1404233,"stat.drop.minecraft.tipped_arrow":3,"stat.flyOneCm":1425244,"stat.drop":4,"stat.jump":760,"stat.playOneMinute":227691,"stat.fallOneCm":1938316,"stat.drop.minecraft.stone":1,"stat.useItem.minecraft.sea_lantern":35,"stat.sneakTime":5900,"stat.crouchOneCm":2960,"stat.timeSinceDeath":227691,"stat.pickup.minecraft.tipped_arrow":3,"stat.sprintOneCm":1005185,"achievement.exploreAllBiomes":{"value":0,"progress":["Plains"]}}