{"stat.useItem.minecraft.bow":231,"stat.walkOneCm":266216,"stat.leaveGame":18,"stat.jump":783,"stat.fallOneCm":2394548,"stat.crouchOneCm":8724,"stat.pickup.minecraft.tipped_arrow":2,"stat.sprintOneCm":326460,"stat.pickup.minecraft.bow":1,"achievement.exploreAllBiomes":{"value":0,"progress":["Plains"]},"stat.drop.minecraft.bow":1,"achievement.openInventory":44,"stat.damageTaken":2110,"stat.aviateOneCm":1173816,"stat.drop.minecraft.tipped_arrow":3,"stat.flyOneCm":615962,"stat.deaths":2,"stat.drop":4,"stat.playOneMinute":96614,"stat.sneakTime":3168,"stat.pickup.minecraft.elytra":1,"stat.timeSinceDeath":17105}