{"stat.useItem.minecraft.bow":120,"stat.drop.minecraft.bow":5,"stat.walkOneCm":43402,"achievement.openInventory":17,"stat.leaveGame":5,"stat.damageTaken":278,"stat.aviateOneCm":492438,"stat.drop.minecraft.tipped_arrow":309,"stat.flyOneCm":80362,"stat.drop":21,"stat.jump":180,"stat.playOneMinute":20435,"stat.fallOneCm":236456,"stat.sneakTime":243,"stat.crouchOneCm":506,"stat.timeSinceDeath":20435,"stat.sprintOneCm":65180,"stat.pickup.minecraft.bow":4,"achievement.exploreAllBiomes":{"value":0,"progress":["Plains"]}}