{"stat.useItem.minecraft.bow":2425,"stat.drop.minecraft.bow":7,"stat.walkOneCm":1705076,"achievement.openInventory":219,"stat.leaveGame":43,"stat.damageTaken":17024,"stat.aviateOneCm":15412688,"stat.drop.minecraft.tipped_arrow":43,"stat.flyOneCm":1515027,"stat.deaths":2,"stat.drop":50,"stat.jump":3491,"stat.playOneMinute":1020801,"stat.fallOneCm":7725363,"stat.sneakTime":5367,"stat.crouchOneCm":8500,"stat.timeSinceDeath":487061,"stat.pickup.minecraft.tipped_arrow":250,"stat.sprintOneCm":2940438,"stat.pickup.minecraft.bow":8,"achievement.exploreAllBiomes":{"value":0,"progress":["Plains"]}}