{"stat.useItem.minecraft.bow":136,"stat.drop.minecraft.bow":35,"stat.walkOneCm":95475,"achievement.openInventory":19,"stat.leaveGame":9,"stat.damageTaken":99,"stat.aviateOneCm":1008876,"stat.drop.minecraft.tipped_arrow":20,"stat.flyOneCm":43167,"stat.drop":55,"stat.jump":135,"stat.playOneMinute":39777,"stat.fallOneCm":380707,"stat.sneakTime":10,"stat.pickup.minecraft.elytra":1,"stat.timeSinceDeath":39777,"stat.pickup.minecraft.tipped_arrow":96,"stat.sprintOneCm":191217,"stat.pickup.minecraft.bow":31,"achievement.exploreAllBiomes":{"value":0,"progress":["Plains"]}}