{"stat.useItem.minecraft.bow":127,"stat.walkOneCm":90337,"achievement.openInventory":44,"stat.leaveGame":10,"stat.damageTaken":1772,"stat.aviateOneCm":1471851,"stat.drop.minecraft.tipped_arrow":3,"stat.flyOneCm":269066,"stat.deaths":1,"stat.drop":3,"stat.jump":208,"stat.playOneMinute":41228,"stat.fallOneCm":588375,"stat.sneakTime":1676,"stat.crouchOneCm":4753,"stat.timeSinceDeath":12079,"stat.sprintOneCm":161414,"stat.pickup.minecraft.bow":3,"achievement.exploreAllBiomes":{"value":0,"progress":["Plains"]}}