{"stat.useItem.minecraft.bow":80,"stat.drop.minecraft.bow":5,"stat.walkOneCm":62514,"achievement.openInventory":38,"stat.leaveGame":7,"stat.damageTaken":330,"stat.aviateOneCm":358828,"stat.drop.minecraft.tipped_arrow":18,"stat.flyOneCm":145107,"stat.drop":23,"stat.jump":231,"stat.playOneMinute":27919,"stat.fallOneCm":452917,"stat.sneakTime":184,"stat.crouchOneCm":539,"stat.timeSinceDeath":27919,"stat.pickup.minecraft.tipped_arrow":141,"stat.sprintOneCm":89475,"stat.pickup.minecraft.bow":8,"achievement.exploreAllBiomes":{"value":0,"progress":["Plains"]}}