{"stat.useItem.minecraft.bow":127,"stat.drop.minecraft.bow":5,"stat.walkOneCm":64782,"achievement.openInventory":34,"stat.leaveGame":3,"stat.damageTaken":232,"stat.drop.minecraft.elytra":1,"stat.aviateOneCm":446137,"stat.drop.minecraft.tipped_arrow":1,"stat.flyOneCm":44195,"stat.drop":7,"stat.jump":156,"stat.playOneMinute":17623,"stat.fallOneCm":187065,"stat.pickup.minecraft.elytra":24,"stat.timeSinceDeath":17623,"stat.pickup.minecraft.tipped_arrow":1,"stat.sprintOneCm":45145,"achievement.exploreAllBiomes":{"value":0,"progress":["Plains"]}}