{"stat.useItem.minecraft.bow":55,"stat.drop.minecraft.bow":2,"stat.walkOneCm":32543,"achievement.openInventory":12,"stat.leaveGame":8,"stat.damageTaken":92,"stat.aviateOneCm":172111,"stat.drop.minecraft.tipped_arrow":1,"stat.flyOneCm":54916,"stat.drop":3,"stat.jump":248,"stat.playOneMinute":14071,"stat.fallOneCm":411398,"stat.sneakTime":106,"stat.crouchOneCm":15,"stat.timeSinceDeath":14071,"stat.sprintOneCm":41560,"stat.pickup.minecraft.bow":1,"achievement.exploreAllBiomes":{"value":0,"progress":["Plains"]}}