{"stat.useItem.minecraft.bow":235,"stat.drop.minecraft.bow":1,"stat.walkOneCm":159051,"achievement.openInventory":12,"stat.leaveGame":6,"stat.damageTaken":232,"stat.aviateOneCm":798913,"stat.drop.minecraft.tipped_arrow":224,"stat.flyOneCm":226319,"stat.drop":43,"stat.jump":212,"stat.playOneMinute":41113,"stat.fallOneCm":509722,"stat.sneakTime":1119,"stat.crouchOneCm":3038,"stat.timeSinceDeath":41113,"stat.pickup.minecraft.tipped_arrow":174,"stat.sprintOneCm":276415,"achievement.exploreAllBiomes":{"value":0,"progress":["Plains"]}}