{"stat.useItem.minecraft.bow":337,"stat.walkOneCm":1156367,"stat.useItem.minecraft.torch":16,"stat.useItem.minecraft.quartz_block":156,"stat.useItem.minecraft.stone":19,"stat.leaveGame":53,"stat.drop.minecraft.red_mushroom":1,"stat.jump":1124,"stat.fallOneCm":2448757,"stat.crouchOneCm":976,"stat.pickup.minecraft.tipped_arrow":39,"stat.sprintOneCm":1848900,"stat.pickup.minecraft.bow":22,"achievement.exploreAllBiomes":{"value":0,"progress":["Plains"]},"stat.drop.minecraft.bow":1,"achievement.openInventory":61,"stat.useItem.minecraft.barrier":56,"stat.damageTaken":2930,"stat.aviateOneCm":9385111,"stat.flyOneCm":1607191,"stat.deaths":4,"stat.drop":2,"stat.playOneMinute":724441,"stat.sneakTime":3613,"stat.pickup.minecraft.elytra":22,"stat.timeSinceDeath":26524}