{"stat.useItem.minecraft.bow":312,"stat.walkOneCm":137584,"achievement.openInventory":105,"stat.leaveGame":3,"stat.damageTaken":1635,"stat.aviateOneCm":2414732,"stat.drop.minecraft.tipped_arrow":2,"stat.flyOneCm":169630,"stat.deaths":1,"stat.drop":2,"stat.jump":306,"stat.playOneMinute":55314,"stat.fallOneCm":753605,"stat.sneakTime":517,"stat.crouchOneCm":735,"stat.timeSinceDeath":17257,"stat.pickup.minecraft.tipped_arrow":2,"stat.sprintOneCm":178767,"stat.pickup.minecraft.bow":1,"achievement.exploreAllBiomes":{"value":0,"progress":["Plains"]}}