{"stat.useItem.minecraft.bow":2346,"stat.walkOneCm":2126001,"stat.leaveGame":131,"stat.jump":4164,"stat.fallOneCm":8953881,"stat.crouchOneCm":3403,"stat.pickup.minecraft.tipped_arrow":426,"stat.sprintOneCm":3242140,"stat.pickup.minecraft.bow":11,"achievement.exploreAllBiomes":{"value":0,"progress":["Plains"]},"stat.drop.minecraft.bow":5,"achievement.openInventory":249,"stat.damageTaken":15136,"stat.drop.minecraft.elytra":5,"stat.aviateOneCm":18509278,"stat.drop.minecraft.tipped_arrow":62,"stat.flyOneCm":1477533,"stat.deaths":2,"stat.drop":72,"stat.playOneMinute":1363088,"stat.sneakTime":2849,"stat.pickup.minecraft.elytra":5,"stat.timeSinceDeath":717936}