{"stat.useItem.minecraft.bow":169,"stat.drop.minecraft.bow":9,"stat.walkOneCm":41455,"achievement.openInventory":23,"stat.leaveGame":3,"stat.damageTaken":294,"stat.aviateOneCm":294318,"stat.drop.minecraft.tipped_arrow":3,"stat.flyOneCm":66348,"stat.drop":12,"stat.jump":122,"stat.playOneMinute":16035,"stat.fallOneCm":112137,"stat.sneakTime":116,"stat.crouchOneCm":389,"stat.timeSinceDeath":16035,"stat.sprintOneCm":57243,"stat.pickup.minecraft.bow":5,"achievement.exploreAllBiomes":{"value":0,"progress":["Plains"]}}