{"stat.useItem.minecraft.bow":1556,"stat.walkOneCm":2114393,"stat.leaveGame":150,"stat.jump":4754,"stat.fallOneCm":9392985,"stat.crouchOneCm":6338,"stat.pickup.minecraft.tipped_arrow":393,"stat.sprintOneCm":2914798,"stat.pickup.minecraft.bow":6,"achievement.exploreAllBiomes":{"value":0,"progress":["Plains"]},"stat.drop.minecraft.bow":15,"achievement.openInventory":264,"stat.damageTaken":10038,"stat.aviateOneCm":11398745,"stat.drop.minecraft.tipped_arrow":51,"stat.flyOneCm":1636450,"stat.deaths":1,"stat.drop":66,"stat.playOneMinute":1214139,"stat.sneakTime":2769,"stat.pickup.minecraft.elytra":3,"stat.timeSinceDeath":735247}