{"stat.useItem.minecraft.bow":16,"stat.walkOneCm":151363,"achievement.openInventory":37,"stat.leaveGame":9,"stat.damageTaken":736,"stat.aviateOneCm":2371324,"stat.drop.minecraft.tipped_arrow":2,"stat.flyOneCm":272778,"stat.drop":2,"stat.jump":622,"stat.playOneMinute":64919,"stat.fallOneCm":1526750,"stat.sneakTime":690,"stat.crouchOneCm":850,"stat.timeSinceDeath":64919,"stat.pickup.minecraft.tipped_arrow":3,"stat.sprintOneCm":154737,"stat.pickup.minecraft.bow":4,"achievement.exploreAllBiomes":{"value":0,"progress":["Plains"]}}