{"stat.useItem.minecraft.bow":190,"stat.drop.minecraft.bow":15,"stat.walkOneCm":89641,"achievement.openInventory":50,"stat.leaveGame":11,"stat.damageTaken":868,"stat.craftItem.minecraft.bow":1,"stat.aviateOneCm":2194948,"stat.drop.minecraft.tipped_arrow":24,"stat.flyOneCm":438450,"stat.drop":20,"stat.jump":331,"stat.playOneMinute":103873,"stat.fallOneCm":361285,"stat.sneakTime":1491,"stat.crouchOneCm":2793,"stat.timeSinceDeath":103873,"stat.pickup.minecraft.tipped_arrow":7,"stat.sprintOneCm":300112,"stat.pickup.minecraft.bow":11,"achievement.exploreAllBiomes":{"value":0,"progress":["Plains"]}}