{"stat.useItem.minecraft.bow":242,"stat.drop.minecraft.bow":4,"stat.walkOneCm":54719,"achievement.openInventory":22,"stat.leaveGame":2,"stat.damageTaken":655,"stat.aviateOneCm":355096,"stat.drop.minecraft.tipped_arrow":1,"stat.flyOneCm":365502,"stat.drop":5,"stat.jump":74,"stat.playOneMinute":21846,"stat.fallOneCm":284451,"stat.sneakTime":163,"stat.crouchOneCm":192,"stat.timeSinceDeath":21846,"stat.pickup.minecraft.tipped_arrow":1,"stat.sprintOneCm":85215,"achievement.exploreAllBiomes":{"value":0,"progress":["Plains"]}}