{"stat.useItem.minecraft.bow":204,"stat.drop.minecraft.bow":3,"stat.walkOneCm":173290,"achievement.openInventory":15,"stat.leaveGame":17,"stat.damageTaken":349,"stat.aviateOneCm":727999,"stat.drop.minecraft.tipped_arrow":1,"stat.flyOneCm":212354,"stat.drop":4,"stat.jump":243,"stat.playOneMinute":47296,"stat.fallOneCm":591047,"stat.sneakTime":745,"stat.crouchOneCm":1675,"stat.timeSinceDeath":47296,"stat.sprintOneCm":166518,"stat.pickup.minecraft.bow":3,"achievement.exploreAllBiomes":{"value":0,"progress":["Plains"]}}