{"stat.useItem.minecraft.bow":149,"stat.walkOneCm":155774,"achievement.openInventory":14,"stat.leaveGame":7,"stat.damageTaken":201,"stat.aviateOneCm":455288,"stat.drop.minecraft.tipped_arrow":2,"stat.flyOneCm":65297,"stat.drop":2,"stat.jump":313,"stat.playOneMinute":134971,"stat.fallOneCm":226464,"stat.sneakTime":143,"stat.crouchOneCm":573,"stat.timeSinceDeath":134971,"stat.pickup.minecraft.tipped_arrow":2,"stat.sprintOneCm":91964,"stat.pickup.minecraft.bow":3,"achievement.exploreAllBiomes":{"value":0,"progress":["Plains"]}}