{"stat.useItem.minecraft.bow":323,"stat.useItem.minecraft.lapis_block":3,"stat.useItem.minecraft.chain_command_block":57,"stat.useItem.minecraft.structure_void":7,"stat.useItem.minecraft.quartz_block":923,"stat.pickup.minecraft.sign":4,"stat.useItem.minecraft.stone":219,"stat.leaveGame":66,"stat.pickup.minecraft.structure_block":3,"stat.useItem.minecraft.repeating_command_block":7,"stat.useItem.minecraft.bedrock":1,"stat.jump":1031,"stat.fallOneCm":866800,"stat.climbOneCm":8230,"stat.crouchOneCm":2090,"stat.useItem.minecraft.dirt":117,"stat.useItem.minecraft.stone_button":8,"stat.pickup.minecraft.bow":5,"achievement.exploreAllBiomes":{"value":0,"progress":["Plains"]},"stat.useItem.minecraft.redstone_lamp":1,"stat.damageTaken":1976,"stat.useItem.minecraft.gold_block":1037,"stat.aviateOneCm":3153852,"stat.flyOneCm":5079986,"stat.pickup.minecraft.chain_command_block":1,"stat.damageDealt":10,"stat.timeSinceDeath":523198,"stat.useItem.minecraft.command_block":44,"stat.walkOneCm":922135,"stat.useItem.minecraft.emerald_block":3,"stat.pickup.minecraft.wooden_button":3,"stat.useItem.minecraft.item_frame":3,"stat.useItem.minecraft.redstone":3,"stat.useItem.minecraft.sea_lantern":41,"stat.pickup.minecraft.stone":1,"stat.pickup.minecraft.tipped_arrow":2,"stat.useItem.minecraft.stained_hardened_clay":5,"stat.sprintOneCm":1034348,"stat.useItem.minecraft.stained_glass":49,"stat.useItem.minecraft.stone_stairs":16,"achievement.openInventory":95,"stat.useItem.minecraft.barrier":104,"stat.useItem.minecraft.wooden_button":21,"stat.useItem.minecraft.structure_block":80,"stat.drop.minecraft.tipped_arrow":2,"stat.deaths":1,"stat.drop":4,"stat.drop.minecraft.chain_command_block":2,"stat.playOneMinute":568426,"stat.useItem.minecraft.ladder":7,"stat.sneakTime":12090,"stat.pickup.minecraft.elytra":1}