{"stat.useItem.minecraft.bow":106,"stat.drop.minecraft.bow":5,"stat.walkOneCm":91411,"achievement.openInventory":9,"stat.leaveGame":12,"stat.damageTaken":1211,"stat.aviateOneCm":908643,"stat.drop.minecraft.tipped_arrow":1,"stat.flyOneCm":98797,"stat.drop":6,"stat.jump":288,"stat.playOneMinute":40346,"stat.fallOneCm":363209,"stat.sneakTime":25,"stat.pickup.minecraft.elytra":1,"stat.timeSinceDeath":40346,"stat.sprintOneCm":99113,"stat.pickup.minecraft.bow":5,"achievement.exploreAllBiomes":{"value":0,"progress":["Plains"]}}