{"stat.useItem.minecraft.bow":2637,"stat.drop.minecraft.bow":19,"stat.walkOneCm":2598125,"achievement.openInventory":340,"stat.leaveGame":109,"stat.damageTaken":16573,"stat.aviateOneCm":17346965,"stat.drop.minecraft.tipped_arrow":41,"stat.flyOneCm":2149175,"stat.drop":60,"stat.jump":5894,"stat.playOneMinute":1395561,"stat.fallOneCm":12603582,"stat.sneakTime":3880,"stat.pickup.minecraft.elytra":5,"stat.crouchOneCm":6290,"stat.timeSinceDeath":1395561,"stat.pickup.minecraft.tipped_arrow":312,"stat.sprintOneCm":4092534,"stat.pickup.minecraft.bow":14,"achievement.exploreAllBiomes":{"value":0,"progress":["Plains"]}}