{"stat.useItem.minecraft.bow":543,"stat.walkOneCm":121331,"achievement.openInventory":73,"stat.leaveGame":7,"stat.damageTaken":2318,"stat.aviateOneCm":1976032,"stat.drop.minecraft.tipped_arrow":1,"stat.flyOneCm":248584,"stat.drop":1,"stat.jump":332,"stat.playOneMinute":55346,"stat.fallOneCm":544263,"stat.sneakTime":452,"stat.crouchOneCm":1331,"stat.timeSinceDeath":55346,"stat.pickup.minecraft.tipped_arrow":1,"stat.sprintOneCm":133553,"achievement.exploreAllBiomes":{"value":0,"progress":["Plains"]}}