{"stat.useItem.minecraft.bow":58,"stat.drop.minecraft.bow":2,"stat.walkOneCm":40027,"achievement.openInventory":18,"stat.leaveGame":4,"stat.damageTaken":173,"stat.aviateOneCm":337035,"stat.drop.minecraft.tipped_arrow":2,"stat.flyOneCm":54105,"stat.drop":4,"stat.jump":111,"stat.playOneMinute":14115,"stat.fallOneCm":221862,"stat.sneakTime":124,"stat.pickup.minecraft.elytra":22,"stat.crouchOneCm":495,"stat.timeSinceDeath":14115,"stat.pickup.minecraft.tipped_arrow":1,"stat.sprintOneCm":63907,"achievement.exploreAllBiomes":{"value":0,"progress":["Plains"]}}