{"stat.useItem.minecraft.bow":25,"stat.walkOneCm":37759,"achievement.openInventory":13,"stat.leaveGame":5,"stat.damageTaken":70,"stat.aviateOneCm":343026,"stat.drop.minecraft.tipped_arrow":6,"stat.flyOneCm":72840,"stat.drop":2,"stat.jump":142,"stat.playOneMinute":11912,"stat.fallOneCm":188734,"stat.sneakTime":185,"stat.pickup.minecraft.elytra":1,"stat.crouchOneCm":680,"stat.timeSinceDeath":11912,"stat.pickup.minecraft.tipped_arrow":6,"stat.sprintOneCm":152177,"stat.pickup.minecraft.bow":1,"achievement.exploreAllBiomes":{"value":0,"progress":["Plains"]}}