{"stat.useItem.minecraft.bow":69,"stat.walkOneCm":8741,"achievement.openInventory":10,"stat.leaveGame":3,"stat.damageTaken":87,"stat.aviateOneCm":135026,"stat.drop.minecraft.tipped_arrow":1,"stat.flyOneCm":22654,"stat.drop":1,"stat.jump":81,"stat.playOneMinute":5684,"stat.fallOneCm":93587,"stat.sneakTime":52,"stat.crouchOneCm":79,"stat.timeSinceDeath":5684,"stat.pickup.minecraft.tipped_arrow":1,"stat.sprintOneCm":8850,"stat.pickup.minecraft.bow":1,"achievement.exploreAllBiomes":{"value":0,"progress":["Plains"]}}