{"stat.useItem.minecraft.bow":1972,"stat.walkOneCm":3086181,"stat.leaveGame":99,"stat.jump":5464,"stat.fallOneCm":10738445,"stat.crouchOneCm":3238,"stat.pickup.minecraft.tipped_arrow":162,"stat.sprintOneCm":3171644,"stat.pickup.minecraft.bow":7,"achievement.exploreAllBiomes":{"value":0,"progress":["Plains"]},"stat.drop.minecraft.bow":4,"achievement.openInventory":192,"stat.damageTaken":12382,"stat.aviateOneCm":15749853,"stat.drop.minecraft.tipped_arrow":51,"stat.flyOneCm":1687560,"stat.deaths":3,"stat.drop":55,"stat.playOneMinute":1203203,"stat.sneakTime":2762,"stat.pickup.minecraft.elytra":44,"stat.timeSinceDeath":165563}