{"stat.useItem.minecraft.bow":251,"stat.flyOneCm":129394,"stat.walkOneCm":56153,"stat.drop":2,"stat.jump":232,"stat.playOneMinute":24579,"achievement.openInventory":13,"stat.fallOneCm":797493,"stat.leaveGame":1,"stat.sneakTime":24,"stat.damageTaken":210,"stat.pickup.minecraft.elytra":1,"stat.crouchOneCm":124,"stat.timeSinceDeath":24579,"stat.pickup.minecraft.tipped_arrow":1,"stat.sprintOneCm":109963,"achievement.exploreAllBiomes":{"value":0,"progress":["Plains"]},"stat.drop.minecraft.elytra":1,"stat.aviateOneCm":223897,"stat.drop.minecraft.tipped_arrow":1}