{"stat.useItem.minecraft.bow":250,"stat.drop.minecraft.bow":3,"stat.walkOneCm":99559,"achievement.openInventory":36,"stat.leaveGame":7,"stat.damageTaken":1083,"stat.aviateOneCm":1375325,"stat.drop.minecraft.tipped_arrow":12,"stat.flyOneCm":236306,"stat.deaths":1,"stat.drop":6,"stat.jump":532,"stat.playOneMinute":136076,"stat.fallOneCm":1207376,"stat.sneakTime":1604,"stat.crouchOneCm":4348,"stat.timeSinceDeath":109606,"stat.pickup.minecraft.tipped_arrow":1,"stat.sprintOneCm":146550,"achievement.exploreAllBiomes":{"value":0,"progress":["Plains"]}}