{"stat.useItem.minecraft.bow":1989,"stat.walkOneCm":2482949,"stat.leaveGame":92,"stat.jump":4191,"stat.fallOneCm":7767829,"stat.crouchOneCm":4798,"stat.pickup.minecraft.tipped_arrow":86,"stat.sprintOneCm":2286733,"stat.pickup.minecraft.bow":14,"achievement.exploreAllBiomes":{"value":0,"progress":["Plains"]},"stat.drop.minecraft.bow":10,"achievement.openInventory":301,"stat.damageTaken":10328,"stat.drop.minecraft.elytra":8,"stat.aviateOneCm":15919601,"stat.drop.minecraft.tipped_arrow":198,"stat.flyOneCm":1651561,"stat.deaths":1,"stat.drop":216,"stat.playOneMinute":1175199,"stat.sneakTime":6400,"stat.pickup.minecraft.elytra":14,"stat.timeSinceDeath":393960}