{"stat.useItem.minecraft.bow":1843,"stat.walkOneCm":2036634,"stat.leaveGame":64,"stat.jump":3969,"stat.fallOneCm":9235019,"stat.crouchOneCm":9352,"stat.pickup.minecraft.tipped_arrow":64,"stat.sprintOneCm":2964300,"stat.pickup.minecraft.bow":52,"achievement.exploreAllBiomes":{"value":0,"progress":["Plains"]},"stat.drop.minecraft.bow":20,"achievement.openInventory":214,"stat.damageTaken":8967,"stat.aviateOneCm":10136732,"stat.drop.minecraft.tipped_arrow":40,"stat.flyOneCm":1447837,"stat.deaths":2,"stat.drop":60,"stat.playOneMinute":1259801,"stat.sneakTime":4508,"stat.pickup.minecraft.elytra":46,"stat.timeSinceDeath":72601}