{"stat.useItem.minecraft.bow":1464,"stat.walkOneCm":571574,"stat.leaveGame":85,"stat.jump":1422,"stat.fallOneCm":2455340,"stat.crouchOneCm":419,"stat.pickup.minecraft.tipped_arrow":11,"stat.sprintOneCm":1033477,"stat.pickup.minecraft.red_mushroom":1,"stat.pickup.minecraft.bow":30,"achievement.exploreAllBiomes":{"value":0,"progress":["Plains"]},"stat.drop.minecraft.bow":7,"achievement.openInventory":80,"stat.damageTaken":10490,"stat.aviateOneCm":11229052,"stat.drop.minecraft.tipped_arrow":73,"stat.flyOneCm":552304,"stat.deaths":5,"stat.drop":80,"stat.playOneMinute":361894,"stat.sneakTime":1159,"stat.timeSinceDeath":28345}