{"stat.useItem.minecraft.bow":13,"stat.drop.minecraft.bow":2,"stat.walkOneCm":44166,"achievement.openInventory":17,"stat.leaveGame":5,"stat.damageTaken":261,"stat.aviateOneCm":580523,"stat.flyOneCm":61067,"stat.drop":2,"stat.jump":241,"stat.playOneMinute":28935,"stat.fallOneCm":327487,"stat.sneakTime":146,"stat.crouchOneCm":411,"stat.timeSinceDeath":28935,"stat.pickup.minecraft.tipped_arrow":1,"stat.sprintOneCm":30899,"stat.pickup.minecraft.bow":2,"achievement.exploreAllBiomes":{"value":0,"progress":["Plains"]}}