{"stat.useItem.minecraft.bow":9,"stat.drop.minecraft.bow":12,"stat.walkOneCm":30447,"achievement.openInventory":5,"stat.leaveGame":2,"stat.aviateOneCm":50746,"stat.drop.minecraft.tipped_arrow":194,"stat.flyOneCm":37282,"stat.drop":19,"stat.jump":181,"stat.playOneMinute":15915,"stat.fallOneCm":528614,"stat.sneakTime":90,"stat.crouchOneCm":257,"stat.timeSinceDeath":15915,"stat.pickup.minecraft.tipped_arrow":1,"stat.sprintOneCm":23035,"achievement.exploreAllBiomes":{"value":0,"progress":["Plains"]}}