{"stat.useItem.minecraft.bow":107,"stat.walkOneCm":61791,"achievement.openInventory":32,"stat.leaveGame":6,"stat.damageTaken":918,"stat.aviateOneCm":1743412,"stat.drop.minecraft.tipped_arrow":4,"stat.flyOneCm":149383,"stat.deaths":1,"stat.drop":4,"stat.jump":158,"stat.playOneMinute":29688,"stat.fallOneCm":452519,"stat.sneakTime":505,"stat.crouchOneCm":607,"stat.timeSinceDeath":11115,"stat.pickup.minecraft.tipped_arrow":1,"stat.sprintOneCm":41723,"achievement.exploreAllBiomes":{"value":0,"progress":["Plains"]}}