{"stat.useItem.minecraft.bow":247,"stat.walkOneCm":263524,"achievement.openInventory":6,"stat.leaveGame":30,"stat.damageTaken":2413,"stat.aviateOneCm":3265407,"stat.drop.minecraft.tipped_arrow":1,"stat.flyOneCm":305383,"stat.deaths":1,"stat.drop":1,"stat.jump":824,"stat.playOneMinute":204412,"stat.fallOneCm":1131334,"stat.sneakTime":322,"stat.crouchOneCm":1686,"stat.timeSinceDeath":175258,"stat.pickup.minecraft.tipped_arrow":3,"stat.sprintOneCm":327705,"stat.pickup.minecraft.bow":16,"achievement.exploreAllBiomes":{"value":0,"progress":["Plains"]}}