{"stat.useItem.minecraft.bow":165,"stat.drop.minecraft.bow":7,"stat.walkOneCm":67558,"achievement.openInventory":16,"stat.leaveGame":6,"stat.damageTaken":1515,"stat.aviateOneCm":388231,"stat.drop.minecraft.tipped_arrow":2,"stat.flyOneCm":88407,"stat.drop":9,"stat.jump":212,"stat.playOneMinute":142015,"stat.fallOneCm":682519,"stat.sneakTime":241,"stat.pickup.minecraft.elytra":1,"stat.crouchOneCm":426,"stat.timeSinceDeath":142015,"stat.pickup.minecraft.tipped_arrow":2,"stat.sprintOneCm":75409,"stat.pickup.minecraft.bow":2,"achievement.exploreAllBiomes":{"value":0,"progress":["Plains"]}}