{"stat.useItem.minecraft.bow":104,"stat.walkOneCm":59702,"achievement.openInventory":28,"stat.leaveGame":3,"stat.damageTaken":201,"stat.aviateOneCm":225254,"stat.drop.minecraft.tipped_arrow":2,"stat.flyOneCm":102376,"stat.drop":2,"stat.jump":198,"stat.playOneMinute":21591,"stat.fallOneCm":415857,"stat.sneakTime":222,"stat.pickup.minecraft.elytra":1,"stat.crouchOneCm":964,"stat.timeSinceDeath":21591,"stat.pickup.minecraft.tipped_arrow":2,"stat.sprintOneCm":114077,"achievement.exploreAllBiomes":{"value":0,"progress":["Plains"]}}