{"stat.useItem.minecraft.bow":47,"stat.drop.minecraft.bow":1,"stat.walkOneCm":72409,"achievement.openInventory":35,"stat.leaveGame":4,"stat.damageTaken":170,"stat.drop.minecraft.elytra":1,"stat.aviateOneCm":601005,"stat.drop.minecraft.tipped_arrow":1,"stat.flyOneCm":114228,"stat.drop":3,"stat.jump":86,"stat.playOneMinute":18715,"stat.fallOneCm":205271,"stat.sneakTime":55,"stat.pickup.minecraft.elytra":15,"stat.crouchOneCm":81,"stat.timeSinceDeath":18715,"stat.pickup.minecraft.tipped_arrow":1,"stat.sprintOneCm":26266,"achievement.exploreAllBiomes":{"value":0,"progress":["Plains"]}}