{"stat.useItem.minecraft.bow":152,"stat.drop.minecraft.bow":12,"stat.walkOneCm":57232,"achievement.openInventory":16,"stat.leaveGame":2,"stat.damageTaken":40,"stat.aviateOneCm":45243,"stat.drop.minecraft.tipped_arrow":13,"stat.flyOneCm":29038,"stat.drop":25,"stat.jump":106,"stat.playOneMinute":16418,"stat.fallOneCm":87659,"stat.sneakTime":701,"stat.crouchOneCm":2101,"stat.timeSinceDeath":16418,"stat.pickup.minecraft.tipped_arrow":10,"stat.sprintOneCm":66440,"achievement.exploreAllBiomes":{"value":0,"progress":["Plains"]}}