{"stat.useItem.minecraft.bow":59,"stat.flyOneCm":32660,"stat.deaths":1,"stat.walkOneCm":33144,"stat.drop":2,"stat.jump":147,"stat.playOneMinute":24358,"achievement.openInventory":6,"stat.fallOneCm":247664,"stat.leaveGame":1,"stat.sneakTime":214,"stat.damageTaken":1131,"stat.crouchOneCm":174,"stat.timeSinceDeath":7745,"stat.pickup.minecraft.tipped_arrow":2,"stat.sprintOneCm":40223,"achievement.exploreAllBiomes":{"value":0,"progress":["Plains"]},"stat.aviateOneCm":1044150,"stat.drop.minecraft.tipped_arrow":2}