{"stat.useItem.minecraft.bow":750,"stat.walkOneCm":260150,"achievement.openInventory":40,"stat.leaveGame":6,"stat.damageTaken":1218,"stat.aviateOneCm":315359,"stat.drop.minecraft.tipped_arrow":3,"stat.flyOneCm":308204,"stat.drop":3,"stat.jump":578,"stat.playOneMinute":102884,"stat.fallOneCm":1421986,"stat.sneakTime":4694,"stat.crouchOneCm":2463,"stat.timeSinceDeath":102884,"stat.pickup.minecraft.tipped_arrow":1,"stat.sprintOneCm":436985,"achievement.exploreAllBiomes":{"value":0,"progress":["Plains"]}}