{"stat.useItem.minecraft.bow":416,"stat.drop.minecraft.bow":1,"stat.walkOneCm":145666,"achievement.openInventory":47,"stat.leaveGame":13,"stat.damageTaken":1038,"stat.drop.minecraft.elytra":1,"stat.aviateOneCm":3059084,"stat.drop.minecraft.tipped_arrow":180,"stat.flyOneCm":247532,"stat.drop":182,"stat.jump":427,"stat.playOneMinute":79351,"stat.fallOneCm":1132552,"stat.sneakTime":305,"stat.crouchOneCm":31,"stat.timeSinceDeath":79351,"stat.pickup.minecraft.tipped_arrow":174,"stat.sprintOneCm":191277,"stat.pickup.minecraft.bow":1,"achievement.exploreAllBiomes":{"value":0,"progress":["Plains"]}}