{"stat.useItem.minecraft.bow":90,"stat.flyOneCm":29890,"stat.drop.minecraft.bow":8,"stat.walkOneCm":29674,"stat.drop":23,"stat.jump":45,"stat.playOneMinute":8807,"stat.fallOneCm":142128,"achievement.openInventory":17,"stat.leaveGame":1,"stat.sneakTime":242,"stat.crouchOneCm":650,"stat.timeSinceDeath":8807,"stat.pickup.minecraft.tipped_arrow":128,"stat.sprintOneCm":74757,"stat.pickup.minecraft.bow":5,"achievement.exploreAllBiomes":{"value":0,"progress":["Plains"]},"stat.drop.minecraft.tipped_arrow":127}